,href,company_id,nzbn,company_name
138,javascript:viewCompanyDetails('450767');,450767,9429039274748,G CLARK ROOFING LIMITED
234,javascript:viewCompanyDetails('1754058');,1754058,9429034360484,G J GILLIES LIMITED
238,javascript:viewCompanyDetails('192590');,192590,9429040090559,G J KARL LIMITED
1092,javascript:viewCompanyDetails('9815');,9815,9429040944548,I H WHITCHER LIMITED
1188,javascript:viewCompanyDetails('128566');,128566,9429031928878,I R MCRAE LIMITED
1411,javascript:viewCompanyDetails('967671');,967671,9429037542962,I CLARK & SON LIMITED
2173,javascript:viewCompanyDetails('147806');,147806,9429040302355,N L WIEL LIMITED
2221,javascript:viewCompanyDetails('1759839');,1759839,9429034338346,N S MEDICAL LIMITED
3043,javascript:viewCompanyDetails('1060568');,1060568,9429037161682,TE MARU O TANGATA LIMITED
3091,javascript:viewCompanyDetails('1849466');,1849466,9429033954783,C & O TRACTOR DISMANTLERS LIMITED
4041,javascript:viewCompanyDetails('6008474');,6008474,9429042379195,B G DUNN LIMITED
4137,javascript:viewCompanyDetails('146156');,146156,9429040311371,B J MCCORKINDALE LTD
4915,javascript:viewCompanyDetails('1131134');,1131134,9429036939480,D & D EVES CORPORATION LIMITED
5042,javascript:viewCompanyDetails('1819611');,1819611,9429034102442,D HEATON LIMITED
5090,javascript:viewCompanyDetails('1486888');,1486888,9429035517658,D' CLADDINGMAN LIMITED
6091,javascript:viewCompanyDetails('2504668');,2504668,9429031511223,X FACTOR SERVICES LIMITED
6187,javascript:viewCompanyDetails('1037829');,1037829,9429037249762,CONSULT X LIMITED
7073,javascript:viewCompanyDetails('1534422');,1534422,9429035285403,Z GROUP LIMITED
8043,javascript:viewCompanyDetails('2224907');,2224907,9429032323252,T J COURIERS LIMITED
8187,javascript:viewCompanyDetails('1272247');,1272247,9429036151851,T R BUNN LIMITED
9090,javascript:viewCompanyDetails('1123610');,1123610,9429036968046,V & A KEEFE LIMITED
9186,javascript:viewCompanyDetails('5572405');,5572405,9429041579480,V J SEO SOLUTIONS LIMITED
